<emailList><email><sender>cyberthreat1234@gmail.com</sender><subject>Test</subject><body>Hello this is a test email.

</body><attachments><file>Linus.png</file></attachments></email><email><sender>cyberthreat1234@gmail.com</sender><subject>Test 2</subject><body>Hello this is a test.

</body><attachments><file>Linus.png</file></attachments></email><email><sender>cyberthreat1234@gmail.com</sender><subject>Test Spam Email Non-MPI 1</subject><body>Hello lucky winner! You have a chance to win a lot of money. Just send us
your credit card information and you could win some big bucks!

</body><attachments></attachments></email><email>		<sender>nigelwilliams0708@floridapoly.edu</sender>		<subject>Help with Homework</subject>		<body>Hey I need help with homework this evening, I can pay you money. Just get back to me at 000-000-0000. Thanks. </body>		<attachments>			<file>vacationphotos.jpg</file>			<file>openme.jpg.exe</file>		</attachments>	</email>	<email>		<sender>nigelwilliams0708@floridapoly</sender>		<subject>Your Pictures from Years Ago</subject>		<body>Hey there, Your pictures from like 5 years ago are here from when you won the lottery, congratulations!</body>		<attachments>			<file>linus.jpg</file>			<file>openme.jpg.exe</file>		</attachments>	</email></emailList>